<?xml version="1.0" encoding="UTF-8"?>
<Flow xmlns="http://soap.sforce.com/2006/04/metadata">
    <actionCalls>
        <name>OpportunityEligibilityMatrix</name>
        <label>Opportunity Eligibility Matrix</label>
        <locationX>162</locationX>
        <locationY>221</locationY>
        <actionName>vlocity_cmt__EligibilityMatrixAction</actionName>
        <actionType>apex</actionType>
        <inputParameters>
            <name>dataRaptorBundle</name>
            <value>
                <stringValue>EligMatrixExtract</stringValue>
            </value>
        </inputParameters>
        <inputParameters>
            <name>matrixName</name>
            <value>
                <stringValue>TestMatrix</stringValue>
            </value>
        </inputParameters>
        <inputParameters>
            <name>includeMissing</name>
            <value>
                <booleanValue>false</booleanValue>
            </value>
        </inputParameters>
        <outputParameters>
            <assignToReference>Error</assignToReference>
            <name>error</name>
        </outputParameters>
        <outputParameters>
            <assignToReference>HasErrors</assignToReference>
            <name>hasErrors</name>
        </outputParameters>
    </actionCalls>
    <actionCalls>
        <name>OrderEligibilityMatrix</name>
        <label>Order Eligibility Matrix</label>
        <locationX>345</locationX>
        <locationY>223</locationY>
        <actionName>vlocity_cmt__EligibilityMatrixAction</actionName>
        <actionType>apex</actionType>
        <inputParameters>
            <name>dataRaptorBundle</name>
            <value>
                <stringValue>ProductAttrExtract</stringValue>
            </value>
        </inputParameters>
        <inputParameters>
            <name>matrixName</name>
            <value>
                <stringValue>OrderMatrix2</stringValue>
            </value>
        </inputParameters>
        <inputParameters>
            <name>includeMissing</name>
            <value>
                <booleanValue>false</booleanValue>
            </value>
        </inputParameters>
        <outputParameters>
            <assignToReference>HasErrors</assignToReference>
            <name>hasErrors</name>
        </outputParameters>
        <outputParameters>
            <assignToReference>Error</assignToReference>
            <name>error</name>
        </outputParameters>
    </actionCalls>
    <apiVersion>49.0</apiVersion>
    <decisions>
        <description>Checks whether the header item is an Opportunity, Quote, or Order.</description>
        <name>CheckHeaderType</name>
        <label>Check Header Type</label>
        <locationX>342</locationX>
        <locationY>45</locationY>
        <defaultConnectorLabel>[Default Outcome]</defaultConnectorLabel>
        <rules>
            <name>IsOpportunity</name>
            <conditionLogic>and</conditionLogic>
            <conditions>
                <leftValueReference>parentType</leftValueReference>
                <operator>EqualTo</operator>
                <rightValue>
                    <stringValue>Opportunity</stringValue>
                </rightValue>
            </conditions>
            <connector>
                <targetReference>OpportunityEligibilityMatrix</targetReference>
            </connector>
            <label>Is Opportunity</label>
        </rules>
        <rules>
            <name>IsOrder</name>
            <conditionLogic>and</conditionLogic>
            <conditions>
                <leftValueReference>parentType</leftValueReference>
                <operator>EqualTo</operator>
                <rightValue>
                    <stringValue>Order</stringValue>
                </rightValue>
            </conditions>
            <connector>
                <targetReference>OrderEligibilityMatrix</targetReference>
            </connector>
            <label>Is Order</label>
        </rules>
        <rules>
            <name>IsQuote</name>
            <conditionLogic>and</conditionLogic>
            <conditions>
                <leftValueReference>parentType</leftValueReference>
                <operator>EqualTo</operator>
                <rightValue>
                    <stringValue>Quote</stringValue>
                </rightValue>
            </conditions>
            <label>Is Quote</label>
        </rules>
    </decisions>
    <description>Default flow implementation for eligibility matrix calculation.</description>
    <label>Eligibility Matrix Flow</label>
    <processType>AutoLaunchedFlow</processType>
    <startElementReference>CheckHeaderType</startElementReference>
    <status>Draft</status>
    <variables>
        <name>Error</name>
        <dataType>String</dataType>
        <isCollection>false</isCollection>
        <isInput>true</isInput>
        <isOutput>true</isOutput>
    </variables>
    <variables>
        <name>HasErrors</name>
        <dataType>Boolean</dataType>
        <isCollection>false</isCollection>
        <isInput>true</isInput>
        <isOutput>true</isOutput>
        <value>
            <booleanValue>false</booleanValue>
        </value>
    </variables>
    <variables>
        <name>parentType</name>
        <dataType>String</dataType>
        <isCollection>false</isCollection>
        <isInput>true</isInput>
        <isOutput>true</isOutput>
    </variables>
</Flow>
