<?xml version="1.0" encoding="UTF-8"?>
<Flow xmlns="http://soap.sforce.com/2006/04/metadata">
    <actionCalls>
        <name>CustomActionForOpp</name>
        <label>CustomActionForOpp</label>
        <locationX>151</locationX>
        <locationY>309</locationY>
        <actionName>vlocity_cmt__CustomAction</actionName>
        <actionType>apex</actionType>
        <connector>
            <targetReference>OppLineItemPricing1</targetReference>
        </connector>
        <inputParameters>
            <name>className</name>
            <value>
                <stringValue>PricingInitialization</stringValue>
            </value>
        </inputParameters>
    </actionCalls>
    <actionCalls>
        <name>CustomActionForOrder</name>
        <label>CustomActionForOrder</label>
        <locationX>344</locationX>
        <locationY>309</locationY>
        <actionName>vlocity_cmt__CustomAction</actionName>
        <actionType>apex</actionType>
        <inputParameters>
            <name>className</name>
            <value>
                <stringValue>customActionForOrder</stringValue>
            </value>
        </inputParameters>
    </actionCalls>
    <actionCalls>
        <name>CustomActionForQuote</name>
        <label>CustomActionForQuote</label>
        <locationX>531</locationX>
        <locationY>303</locationY>
        <actionName>vlocity_cmt__CustomAction</actionName>
        <actionType>apex</actionType>
        <inputParameters>
            <name>className</name>
            <value>
                <stringValue>customActionForQuote</stringValue>
            </value>
        </inputParameters>
    </actionCalls>
    <actionCalls>
        <name>OppLineItemPricing1</name>
        <label>Opp Line Item Pricing 1</label>
        <locationX>153</locationX>
        <locationY>448</locationY>
        <actionName>vlocity_cmt__RuleAction</actionName>
        <actionType>apex</actionType>
        <connector>
            <targetReference>OppLineItemPricingTier1</targetReference>
        </connector>
        <inputParameters>
            <name>ruleType</name>
            <value>
                <stringValue>Pricing</stringValue>
            </value>
        </inputParameters>
        <inputParameters>
            <name>ruleName</name>
            <value>
                <stringValue>Zero Components</stringValue>
            </value>
        </inputParameters>
    </actionCalls>
    <actionCalls>
        <name>OppLineItemPricingTier1</name>
        <label>Opp Line Item Pricing Tier 1</label>
        <locationX>152</locationX>
        <locationY>570</locationY>
        <actionName>vlocity_cmt__RuleAction</actionName>
        <actionType>apex</actionType>
        <connector>
            <targetReference>OppLineItemPricingTier2</targetReference>
        </connector>
        <inputParameters>
            <name>ruleType</name>
            <value>
                <stringValue>Pricing</stringValue>
            </value>
        </inputParameters>
        <inputParameters>
            <name>ruleName</name>
            <value>
                <stringValue>Tier 1</stringValue>
            </value>
        </inputParameters>
    </actionCalls>
    <actionCalls>
        <name>OppLineItemPricingTier2</name>
        <label>Opp Line Item Pricing Tier 2</label>
        <locationX>153</locationX>
        <locationY>680</locationY>
        <actionName>vlocity_cmt__RuleAction</actionName>
        <actionType>apex</actionType>
        <connector>
            <targetReference>OppLineItemPricingTier3</targetReference>
        </connector>
        <inputParameters>
            <name>ruleType</name>
            <value>
                <stringValue>Pricing</stringValue>
            </value>
        </inputParameters>
        <inputParameters>
            <name>ruleName</name>
            <value>
                <stringValue>Tier 2</stringValue>
            </value>
        </inputParameters>
    </actionCalls>
    <actionCalls>
        <name>OppLineItemPricingTier3</name>
        <label>Opp Line Item Pricing Tier 3</label>
        <locationX>153</locationX>
        <locationY>806</locationY>
        <actionName>vlocity_cmt__RuleAction</actionName>
        <actionType>apex</actionType>
        <inputParameters>
            <name>ruleType</name>
            <value>
                <stringValue>Pricing</stringValue>
            </value>
        </inputParameters>
        <inputParameters>
            <name>ruleName</name>
            <value>
                <stringValue>Tier 3</stringValue>
            </value>
        </inputParameters>
        <inputParameters>
            <name>doCommit</name>
            <value>
                <booleanValue>true</booleanValue>
            </value>
        </inputParameters>
    </actionCalls>
    <apiVersion>49.0</apiVersion>
    <decisions>
        <name>checkParentType</name>
        <label>check parent type</label>
        <locationX>346</locationX>
        <locationY>120</locationY>
        <defaultConnectorLabel>[Default Outcome]</defaultConnectorLabel>
        <rules>
            <name>IsOpportunity</name>
            <conditionLogic>and</conditionLogic>
            <conditions>
                <leftValueReference>parentType</leftValueReference>
                <operator>EqualTo</operator>
                <rightValue>
                    <stringValue>Opportunity</stringValue>
                </rightValue>
            </conditions>
            <connector>
                <targetReference>CustomActionForOpp</targetReference>
            </connector>
            <label>Is Opportunity</label>
        </rules>
        <rules>
            <name>IsOrder</name>
            <conditionLogic>and</conditionLogic>
            <conditions>
                <leftValueReference>parentType</leftValueReference>
                <operator>EqualTo</operator>
                <rightValue>
                    <stringValue>Order</stringValue>
                </rightValue>
            </conditions>
            <connector>
                <targetReference>CustomActionForOrder</targetReference>
            </connector>
            <label>Is Order</label>
        </rules>
        <rules>
            <name>IsQuote</name>
            <conditionLogic>and</conditionLogic>
            <conditions>
                <leftValueReference>parentType</leftValueReference>
                <operator>EqualTo</operator>
                <rightValue>
                    <stringValue>Quote</stringValue>
                </rightValue>
            </conditions>
            <connector>
                <targetReference>CustomActionForQuote</targetReference>
            </connector>
            <label>Is Quote</label>
        </rules>
    </decisions>
    <interviewLabel>Pricing Rules Flow {!$Flow.CurrentDateTime}</interviewLabel>
    <label>Pricing Rules Flow</label>
    <processType>AutoLaunchedFlow</processType>
    <startElementReference>checkParentType</startElementReference>
    <status>Draft</status>
    <variables>
        <name>parentType</name>
        <dataType>String</dataType>
        <isCollection>false</isCollection>
        <isInput>true</isInput>
        <isOutput>true</isOutput>
    </variables>
</Flow>
