<?xml version="1.0" encoding="UTF-8"?>
<FlexiPage xmlns="http://soap.sforce.com/2006/04/metadata">
    <flexiPageRegions>
        <itemInstances>
            <componentInstance>
                <componentInstanceProperties>
                    <name>context</name>
                    <value>RECORD</value>
                </componentInstanceProperties>
                <componentName>forceChatter:publisher</componentName>
                <identifier>forceChatter_publisher</identifier>
            </componentInstance>
        </itemInstances>
        <itemInstances>
            <componentInstance>
                <componentInstanceProperties>
                    <name>context</name>
                    <value>RECORD</value>
                </componentInstanceProperties>
                <componentName>forceChatter:exposedFeed</componentName>
                <identifier>forceChatter_exposedFeed</identifier>
            </componentInstance>
        </itemInstances>
        <name>Facet-e185bfd5-63b1-4cd3-bc4b-168103f9ffea</name>
        <type>Facet</type>
    </flexiPageRegions>
    <flexiPageRegions>
        <itemInstances>
            <componentInstance>
                <componentInstanceProperties>
                    <name>active</name>
                    <value>false</value>
                </componentInstanceProperties>
                <componentInstanceProperties>
                    <name>body</name>
                    <value>Facet-e185bfd5-63b1-4cd3-bc4b-168103f9ffea</value>
                </componentInstanceProperties>
                <componentInstanceProperties>
                    <name>title</name>
                    <value>Feed</value>
                </componentInstanceProperties>
                <componentName>flexipage:tab</componentName>
                <identifier>customTab</identifier>
            </componentInstance>
        </itemInstances>
        <itemInstances>
            <componentInstance>
                <componentInstanceProperties>
                    <name>active</name>
                    <value>true</value>
                </componentInstanceProperties>
                <componentInstanceProperties>
                    <name>body</name>
                    <value>Facet-ac569979-39fa-481a-8dcc-41d7f61727e8</value>
                </componentInstanceProperties>
                <componentInstanceProperties>
                    <name>title</name>
                    <value>Standard.Tab.detail</value>
                </componentInstanceProperties>
                <componentName>flexipage:tab</componentName>
                <identifier>detailTab</identifier>
            </componentInstance>
        </itemInstances>
        <name>Facet-ec0dcb3d-dcd2-474d-9414-ec7d9ae156fd</name>
        <type>Facet</type>
    </flexiPageRegions>
    <flexiPageRegions>
        <itemInstances>
            <componentInstance>
                <componentInstanceProperties>
                    <name>collapsed</name>
                    <value>false</value>
                </componentInstanceProperties>
                <componentInstanceProperties>
                    <name>numVisibleActions</name>
                    <value>3</value>
                </componentInstanceProperties>
                <componentName>force:highlightsPanel</componentName>
                <identifier>force_highlightsPanel</identifier>
            </componentInstance>
        </itemInstances>
        <itemInstances>
            <componentInstance>
                <componentInstanceProperties>
                    <name>tabs</name>
                    <value>Facet-ec0dcb3d-dcd2-474d-9414-ec7d9ae156fd</value>
                </componentInstanceProperties>
                <componentName>flexipage:tabset</componentName>
                <identifier>flexipage_tabset</identifier>
            </componentInstance>
        </itemInstances>
        <name>main</name>
        <type>Region</type>
    </flexiPageRegions>
    <flexiPageRegions>
        <itemInstances>
            <componentInstance>
                <componentInstanceProperties>
                    <name>relatedListComponentOverride</name>
                    <value>NONE</value>
                </componentInstanceProperties>
                <componentName>force:relatedListContainer</componentName>
                <identifier>force_relatedListContainer</identifier>
            </componentInstance>
        </itemInstances>
        <name>Facet-e06d40b6-9c6d-417d-b234-a7ee628ae2fc</name>
        <type>Facet</type>
    </flexiPageRegions>
    <flexiPageRegions>
        <itemInstances>
            <componentInstance>
                <componentInstanceProperties>
                    <name>active</name>
                    <value>true</value>
                </componentInstanceProperties>
                <componentInstanceProperties>
                    <name>body</name>
                    <value>Facet-e06d40b6-9c6d-417d-b234-a7ee628ae2fc</value>
                </componentInstanceProperties>
                <componentInstanceProperties>
                    <name>title</name>
                    <value>Standard.Tab.relatedLists</value>
                </componentInstanceProperties>
                <componentName>flexipage:tab</componentName>
                <identifier>relatedListsTab</identifier>
            </componentInstance>
        </itemInstances>
        <name>Facet-65b49ed2-9272-47f6-80cf-19702c84faf7</name>
        <type>Facet</type>
    </flexiPageRegions>
    <flexiPageRegions>
        <itemInstances>
            <componentInstance>
                <componentInstanceProperties>
                    <name>tabs</name>
                    <value>Facet-65b49ed2-9272-47f6-80cf-19702c84faf7</value>
                </componentInstanceProperties>
                <componentName>flexipage:tabset</componentName>
                <identifier>flexipage_tabset2</identifier>
            </componentInstance>
        </itemInstances>
        <name>rightsidebar</name>
        <type>Region</type>
    </flexiPageRegions>
    <flexiPageRegions>
        <itemInstances>
            <componentInstance>
                <componentInstanceProperties>
                    <name>createQuickActionName</name>
                    <value>NewCase</value>
                </componentInstanceProperties>
                <componentInstanceProperties>
                    <name>lookupFieldName</name>
                    <value>Id</value>
                </componentInstanceProperties>
                <componentInstanceProperties>
                    <name>updateQuickActionName</name>
                    <value>Case._LightningUpdateCase</value>
                </componentInstanceProperties>
                <componentName>console:relatedRecord</componentName>
                <identifier>console_relatedRecord</identifier>
            </componentInstance>
        </itemInstances>
        <itemInstances>
            <componentInstance>
                <componentInstanceProperties>
                    <name>createQuickActionName</name>
                    <value>NewContact</value>
                </componentInstanceProperties>
                <componentInstanceProperties>
                    <name>lookupFieldName</name>
                    <value>ContactId</value>
                </componentInstanceProperties>
                <componentInstanceProperties>
                    <name>updateQuickActionName</name>
                    <value>Contact._LightningRelatedContact</value>
                </componentInstanceProperties>
                <componentName>console:relatedRecord</componentName>
                <identifier>console_relatedRecord2</identifier>
            </componentInstance>
        </itemInstances>
        <name>leftsidebar</name>
        <type>Region</type>
    </flexiPageRegions>
    <flexiPageRegions>
        <itemInstances>
            <componentInstance>
                <componentName>force:detailPanel</componentName>
                <identifier>force_detailPanel</identifier>
            </componentInstance>
        </itemInstances>
        <name>Facet-ac569979-39fa-481a-8dcc-41d7f61727e8</name>
        <type>Facet</type>
    </flexiPageRegions>
    <masterLabel>Case</masterLabel>
    <sobjectType>Case</sobjectType>
    <template>
        <name>flexipage:recordHomeThreeColTemplateDesktop</name>
    </template>
    <type>RecordPage</type>
</FlexiPage>
