<?xml version="1.0" encoding="UTF-8"?>
<FlexiPage xmlns="http://soap.sforce.com/2006/04/metadata">
    <flexiPageRegions>
        <itemInstances>
            <componentInstance>
                <componentName>cfCpqAsyncJobStatus</componentName>
                <identifier>cfCpqAsyncJobStatus</identifier>
            </componentInstance>
        </itemInstances>
        <itemInstances>
            <componentInstance>
                <componentInstanceProperties>
                    <name>tabs</name>
                    <value>Facet-1e58d86a-fae6-4185-be65-1bde7324d374</value>
                </componentInstanceProperties>
                <componentName>flexipage:tabset</componentName>
                <identifier>flexipage_tabset</identifier>
                <visibilityRule>
                    <criteria>
                        <leftValue>{!Record.RecordType.Name}</leftValue>
                        <operator>CONTAINS</operator>
                        <rightValue>Master Order</rightValue>
                    </criteria>
                </visibilityRule>
            </componentInstance>
        </itemInstances>
        <itemInstances>
            <componentInstance>
                <componentInstanceProperties>
                    <name>tabs</name>
                    <value>Facet-3b8e1cd0-0c89-4ce6-ab0f-1d167e8322c5</value>
                </componentInstanceProperties>
                <componentName>flexipage:tabset</componentName>
                <identifier>flexipage_tabset2</identifier>
                <visibilityRule>
                    <criteria>
                        <leftValue>{!Record.RecordType.Name}</leftValue>
                        <operator>NE</operator>
                        <rightValue>Master Order</rightValue>
                    </criteria>
                </visibilityRule>
            </componentInstance>
        </itemInstances>
        <itemInstances>
            <componentInstance>
                <componentName>cfCpqProductConfigureTotalBar</componentName>
                <identifier>cfCpqProductConfigureTotalBar</identifier>
            </componentInstance>
        </itemInstances>
        <name>main</name>
        <type>Region</type>
    </flexiPageRegions>
    <flexiPageRegions>
        <itemInstances>
            <componentInstance>
                <componentInstanceProperties>
                    <name>cartPageSize</name>
                    <value>10</value>
                </componentInstanceProperties>
                <componentInstanceProperties>
                    <name>channelName</name>
                    <value>cpqutils</value>
                </componentInstanceProperties>
                <componentName>vlocity_cmt:cpqFlexCardUtils</componentName>
                <identifier>vlocity_cmt_cpqFlexCardUtils</identifier>
            </componentInstance>
        </itemInstances>
        <itemInstances>
            <componentInstance>
                <componentName>cfCpqGlobalHeaderContainer</componentName>
                <identifier>cfCpqGlobalHeaderContainer</identifier>
            </componentInstance>
        </itemInstances>
        <name>header</name>
        <type>Region</type>
    </flexiPageRegions>
    <flexiPageRegions>
        <itemInstances>
            <componentInstance>
                <componentInstanceProperties>
                    <name>isMultisiteFlow</name>
                    <value>true</value>
                </componentInstanceProperties>
                <componentName>vlocity_cmt:cpqEventOrchestratorUtil</componentName>
                <identifier>vlocity_cmt_cpqEventOrchestratorUtil</identifier>
            </componentInstance>
        </itemInstances>
        <itemInstances>
            <componentInstance>
                <componentName>cfCpqMultisiteGroupSelectorContainer</componentName>
                <identifier>cfCpqMultisiteGroupSelectorContainer</identifier>
            </componentInstance>
        </itemInstances>
        <itemInstances>
            <componentInstance>
                <componentName>cfCpqCartSummaryContainer</componentName>
                <identifier>cfCpqCartSummaryContainer</identifier>
            </componentInstance>
        </itemInstances>
        <name>Facet-f3538aea-84cb-4e3f-9562-ab04157d2cbe</name>
        <type>Facet</type>
    </flexiPageRegions>
    <flexiPageRegions>
        <itemInstances>
            <componentInstance>
                <componentInstanceProperties>
                    <name>active</name>
                    <value>true</value>
                </componentInstanceProperties>
                <componentInstanceProperties>
                    <name>body</name>
                    <value>Facet-f3538aea-84cb-4e3f-9562-ab04157d2cbe</value>
                </componentInstanceProperties>
                <componentInstanceProperties>
                    <name>title</name>
                    <value>{!$Label.vlocity_cmt__MSGroupCarts}</value>
                </componentInstanceProperties>
                <componentName>flexipage:tab</componentName>
                <identifier>customTab</identifier>
            </componentInstance>
        </itemInstances>
        <itemInstances>
            <componentInstance>
                <componentInstanceProperties>
                    <name>active</name>
                    <value>false</value>
                </componentInstanceProperties>
                <componentInstanceProperties>
                    <name>body</name>
                    <value>Facet-d56a8394-e1fc-40be-8682-ad2d981ec0f2</value>
                </componentInstanceProperties>
                <componentInstanceProperties>
                    <name>title</name>
                    <value>{!$Label.vlocity_cmt__CPQCatalog}</value>
                </componentInstanceProperties>
                <componentName>flexipage:tab</componentName>
                <identifier>customTab2</identifier>
            </componentInstance>
        </itemInstances>
        <itemInstances>
            <componentInstance>
                <componentInstanceProperties>
                    <name>body</name>
                    <value>Facet-5f5f9f92-7e4f-4160-bfea-ec7a48d5dc0f</value>
                </componentInstanceProperties>
                <componentInstanceProperties>
                    <name>title</name>
                    <value>{!$Label.vlocity_cmt__CPQDetails}</value>
                </componentInstanceProperties>
                <componentName>flexipage:tab</componentName>
                <identifier>customTab3</identifier>
            </componentInstance>
        </itemInstances>
        <itemInstances>
            <componentInstance>
                <componentInstanceProperties>
                    <name>body</name>
                    <value>Facet-4erows7ct7x</value>
                </componentInstanceProperties>
                <componentInstanceProperties>
                    <name>title</name>
                    <value>{!$Label.vlocity_cmt__CPQRelatedLists}</value>
                </componentInstanceProperties>
                <componentName>flexipage:tab</componentName>
                <identifier>customTab4</identifier>
            </componentInstance>
        </itemInstances>
        <itemInstances>
            <componentInstance>
                <componentInstanceProperties>
                    <name>body</name>
                    <value>Facet-80f4f9f2-4c9f-4ff9-86d8-a81b79c05f7d</value>
                </componentInstanceProperties>
                <componentInstanceProperties>
                    <name>title</name>
                    <value>{!$Label.vlocity_cmt__MSServiceLabel}</value>
                </componentInstanceProperties>
                <componentName>flexipage:tab</componentName>
                <identifier>customTab5</identifier>
            </componentInstance>
        </itemInstances>
        <itemInstances>
            <componentInstance>
                <componentInstanceProperties>
                    <name>body</name>
                    <value>Facet-dfc6e0c2-f63d-4948-8675-275216961f68</value>
                </componentInstanceProperties>
                <componentInstanceProperties>
                    <name>title</name>
                    <value>{!$Label.vlocity_cmt__Premises}</value>
                </componentInstanceProperties>
                <componentName>flexipage:tab</componentName>
                <identifier>customTab6</identifier>
            </componentInstance>
        </itemInstances>
        <itemInstances>
            <componentInstance>
                <componentInstanceProperties>
                    <name>body</name>
                    <value>Facet-92f78816-152a-4d03-a49d-d9b9e02fdff8</value>
                </componentInstanceProperties>
                <componentInstanceProperties>
                    <name>title</name>
                    <value>Subscribers</value>
                </componentInstanceProperties>
                <componentName>flexipage:tab</componentName>
                <identifier>flexipage_tab</identifier>
            </componentInstance>
        </itemInstances>
        <itemInstances>
            <componentInstance>
                <componentInstanceProperties>
                    <name>body</name>
                    <value>Facet-3g99l6gslgx</value>
                </componentInstanceProperties>
                <componentInstanceProperties>
                    <name>title</name>
                    <value>Service Accounts</value>
                </componentInstanceProperties>
                <componentName>flexipage:tab</componentName>
                <identifier>flexipage_tab2</identifier>
            </componentInstance>
        </itemInstances>
        <itemInstances>
            <componentInstance>
                <componentInstanceProperties>
                    <name>body</name>
                    <value>Facet-aucntwubbp</value>
                </componentInstanceProperties>
                <componentInstanceProperties>
                    <name>title</name>
                    <value>Locations</value>
                </componentInstanceProperties>
                <componentName>flexipage:tab</componentName>
                <identifier>flexipage_tab3</identifier>
            </componentInstance>
        </itemInstances>
        <name>Facet-1e58d86a-fae6-4185-be65-1bde7324d374</name>
        <type>Facet</type>
    </flexiPageRegions>
    <flexiPageRegions>
        <itemInstances>
            <componentInstance>
                <componentInstanceProperties>
                    <name>relatedListComponentOverride</name>
                    <value>NONE</value>
                </componentInstanceProperties>
                <componentInstanceProperties>
                    <name>rowsToDisplay</name>
                    <value>10</value>
                </componentInstanceProperties>
                <componentInstanceProperties>
                    <name>showActionBar</name>
                    <value>true</value>
                </componentInstanceProperties>
                <componentName>force:relatedListContainer</componentName>
                <identifier>force_relatedListContainer</identifier>
            </componentInstance>
        </itemInstances>
        <name>Facet-4erows7ct7x</name>
        <type>Facet</type>
    </flexiPageRegions>
    <flexiPageRegions>
        <itemInstances>
            <componentInstance>
                <componentInstanceProperties>
                    <name>isMultisiteFlow</name>
                    <value>false</value>
                </componentInstanceProperties>
                <componentName>vlocity_cmt:cpqEventOrchestratorUtil</componentName>
                <identifier>vlocity_cmt_cpqEventOrchestratorUtil2</identifier>
            </componentInstance>
        </itemInstances>
        <itemInstances>
            <componentInstance>
                <componentName>cfCpqCartSummaryContainer</componentName>
                <identifier>cfCpqCartSummaryContainer2</identifier>
            </componentInstance>
        </itemInstances>
        <name>Facet-fc2727e0-9e90-4255-9f53-3539f86ebaa8</name>
        <type>Facet</type>
    </flexiPageRegions>
    <flexiPageRegions>
        <itemInstances>
            <componentInstance>
                <componentInstanceProperties>
                    <name>relatedListComponentOverride</name>
                    <value>NONE</value>
                </componentInstanceProperties>
                <componentInstanceProperties>
                    <name>rowsToDisplay</name>
                    <value>10</value>
                </componentInstanceProperties>
                <componentInstanceProperties>
                    <name>showActionBar</name>
                    <value>true</value>
                </componentInstanceProperties>
                <componentName>force:relatedListContainer</componentName>
                <identifier>force_relatedListContainer2</identifier>
            </componentInstance>
        </itemInstances>
        <name>Facet-70085d39-eeda-4ed5-9198-36003abb096d</name>
        <type>Facet</type>
    </flexiPageRegions>
    <flexiPageRegions>
        <itemInstances>
            <componentInstance>
                <componentInstanceProperties>
                    <name>active</name>
                    <value>false</value>
                </componentInstanceProperties>
                <componentInstanceProperties>
                    <name>body</name>
                    <value>Facet-4d9840c5-46a1-4f3a-a1e4-cad4a05b15ef</value>
                </componentInstanceProperties>
                <componentInstanceProperties>
                    <name>title</name>
                    <value>{!$Label.vlocity_cmt__CPQCatalog}</value>
                </componentInstanceProperties>
                <componentName>flexipage:tab</componentName>
                <identifier>customTab7</identifier>
            </componentInstance>
        </itemInstances>
        <itemInstances>
            <componentInstance>
                <componentInstanceProperties>
                    <name>active</name>
                    <value>true</value>
                </componentInstanceProperties>
                <componentInstanceProperties>
                    <name>body</name>
                    <value>Facet-fc2727e0-9e90-4255-9f53-3539f86ebaa8</value>
                </componentInstanceProperties>
                <componentInstanceProperties>
                    <name>title</name>
                    <value>{!$Label.vlocity_cmt__Cart}</value>
                </componentInstanceProperties>
                <componentName>flexipage:tab</componentName>
                <identifier>customTab8</identifier>
            </componentInstance>
        </itemInstances>
        <itemInstances>
            <componentInstance>
                <componentInstanceProperties>
                    <name>body</name>
                    <value>Facet-bf22ce72-e190-41f8-80a3-9fb5ef23f614</value>
                </componentInstanceProperties>
                <componentInstanceProperties>
                    <name>title</name>
                    <value>{!$Label.vlocity_cmt__CPQSolutionDetails}</value>
                </componentInstanceProperties>
                <componentName>flexipage:tab</componentName>
                <identifier>customTab9</identifier>
            </componentInstance>
        </itemInstances>
        <itemInstances>
            <componentInstance>
                <componentInstanceProperties>
                    <name>body</name>
                    <value>Facet-fffe73a2-9dae-4d68-b00c-5eaee4972408</value>
                </componentInstanceProperties>
                <componentInstanceProperties>
                    <name>title</name>
                    <value>{!$Label.vlocity_cmt__CPQDetails}</value>
                </componentInstanceProperties>
                <componentName>flexipage:tab</componentName>
                <identifier>customTab10</identifier>
            </componentInstance>
        </itemInstances>
        <itemInstances>
            <componentInstance>
                <componentInstanceProperties>
                    <name>body</name>
                    <value>Facet-70085d39-eeda-4ed5-9198-36003abb096d</value>
                </componentInstanceProperties>
                <componentInstanceProperties>
                    <name>title</name>
                    <value>{!$Label.vlocity_cmt__CPQRelatedLists}</value>
                </componentInstanceProperties>
                <componentName>flexipage:tab</componentName>
                <identifier>customTab11</identifier>
            </componentInstance>
        </itemInstances>
        <name>Facet-3b8e1cd0-0c89-4ce6-ab0f-1d167e8322c5</name>
        <type>Facet</type>
    </flexiPageRegions>
    <flexiPageRegions>
        <itemInstances>
            <componentInstance>
                <componentName>cfCpqBrowsePhaseContainer</componentName>
                <identifier>cfCpqBrowsePhaseContainer</identifier>
            </componentInstance>
        </itemInstances>
        <name>Facet-d56a8394-e1fc-40be-8682-ad2d981ec0f2</name>
        <type>Facet</type>
    </flexiPageRegions>
    <flexiPageRegions>
        <itemInstances>
            <componentInstance>
                <componentName>force:detailPanel</componentName>
                <identifier>force_detailPanel</identifier>
            </componentInstance>
        </itemInstances>
        <name>Facet-5f5f9f92-7e4f-4160-bfea-ec7a48d5dc0f</name>
        <type>Facet</type>
    </flexiPageRegions>
    <flexiPageRegions>
        <itemInstances>
            <componentInstance>
                <componentName>cfCpqMultisiteServicePointContainer</componentName>
                <identifier>cfCpqMultisiteServicePointContainer</identifier>
            </componentInstance>
        </itemInstances>
        <name>Facet-80f4f9f2-4c9f-4ff9-86d8-a81b79c05f7d</name>
        <type>Facet</type>
    </flexiPageRegions>
    <flexiPageRegions>
        <itemInstances>
            <componentInstance>
                <componentName>cfCpqMultisitePremisesContainer</componentName>
                <identifier>cfCpqMultisitePremisesContainer</identifier>
            </componentInstance>
        </itemInstances>
        <name>Facet-dfc6e0c2-f63d-4948-8675-275216961f68</name>
        <type>Facet</type>
    </flexiPageRegions>
    <flexiPageRegions>
        <itemInstances>
            <componentInstance>
                <componentName>cfCpqMultisiteSubscriberAccountContainer</componentName>
                <identifier>c_cfCpqMultisiteSubscriberAccountContainer</identifier>
            </componentInstance>
        </itemInstances>
        <name>Facet-92f78816-152a-4d03-a49d-d9b9e02fdff8</name>
        <type>Facet</type>
    </flexiPageRegions>
    <flexiPageRegions>
        <itemInstances>
            <componentInstance>
                <componentName>cfCpqMultisiteServiceAccountContainer</componentName>
                <identifier>c_cfCpqMultisiteServiceAccountContainer</identifier>
            </componentInstance>
        </itemInstances>
        <name>Facet-3g99l6gslgx</name>
        <type>Facet</type>
    </flexiPageRegions>
    <flexiPageRegions>
        <itemInstances>
            <componentInstance>
                <componentName>cfCpqMultisiteLocationsContainer</componentName>
                <identifier>c_cfCpqMultisiteLocationsContainer</identifier>
            </componentInstance>
        </itemInstances>
        <name>Facet-aucntwubbp</name>
        <type>Facet</type>
    </flexiPageRegions>
    <flexiPageRegions>
        <itemInstances>
            <componentInstance>
                <componentName>cfCpqBrowsePhaseContainer</componentName>
                <identifier>cfCpqBrowsePhaseContainer2</identifier>
            </componentInstance>
        </itemInstances>
        <name>Facet-4d9840c5-46a1-4f3a-a1e4-cad4a05b15ef</name>
        <type>Facet</type>
    </flexiPageRegions>
    <flexiPageRegions>
        <itemInstances>
            <componentInstance>
                <componentName>cfCpqCartDetailViewContainer</componentName>
                <identifier>cfCpqCartDetailViewContainer</identifier>
            </componentInstance>
        </itemInstances>
        <name>Facet-bf22ce72-e190-41f8-80a3-9fb5ef23f614</name>
        <type>Facet</type>
    </flexiPageRegions>
    <flexiPageRegions>
        <itemInstances>
            <componentInstance>
                <componentName>force:detailPanel</componentName>
                <identifier>force_detailPanel2</identifier>
            </componentInstance>
        </itemInstances>
        <name>Facet-fffe73a2-9dae-4d68-b00c-5eaee4972408</name>
        <type>Facet</type>
    </flexiPageRegions>
    <masterLabel>Default CPQ Order Record Page</masterLabel>
    <sobjectType>Order</sobjectType>
    <template>
        <name>flexipage:recordHomeSingleColTemplateDesktop</name>
    </template>
    <type>RecordPage</type>
</FlexiPage>
