<?xml version="1.0" encoding="UTF-8"?>
<FlexiPage xmlns="http://soap.sforce.com/2006/04/metadata">
    <flexiPageRegions>
        <itemInstances>
            <componentInstance>
                <componentName>cfCpqAsyncJobStatus</componentName>
                <identifier>cfCpqAsyncJobStatus</identifier>
            </componentInstance>
        </itemInstances>
        <itemInstances>
            <componentInstance>
                <componentInstanceProperties>
                    <name>tabs</name>
                    <value>Facet-f4ef5c09-010d-4ff1-9a7d-51a7e295fc1a</value>
                </componentInstanceProperties>
                <componentName>flexipage:tabset</componentName>
                <identifier>flexipage_tabset</identifier>
                <visibilityRule>
                    <criteria>
                        <leftValue>{!Record.RecordType.DeveloperName}</leftValue>
                        <operator>CONTAINS</operator>
                        <rightValue>Master</rightValue>
                    </criteria>
                </visibilityRule>
            </componentInstance>
        </itemInstances>
        <itemInstances>
            <componentInstance>
                <componentInstanceProperties>
                    <name>tabs</name>
                    <value>Facet-d6fe39f7-fdaa-4539-a843-78d56c86a759</value>
                </componentInstanceProperties>
                <componentName>flexipage:tabset</componentName>
                <identifier>flexipage_tabset2</identifier>
                <visibilityRule>
                    <criteria>
                        <leftValue>{!Record.RecordType.Name}</leftValue>
                        <operator>NE</operator>
                        <rightValue>Master Quote</rightValue>
                    </criteria>
                </visibilityRule>
            </componentInstance>
        </itemInstances>
        <itemInstances>
            <componentInstance>
                <componentName>cfCpqProductConfigureTotalBar</componentName>
                <identifier>cfCpqProductConfigureTotalBar</identifier>
            </componentInstance>
        </itemInstances>
        <name>main</name>
        <type>Region</type>
    </flexiPageRegions>
    <flexiPageRegions>
        <itemInstances>
            <componentInstance>
                <componentInstanceProperties>
                    <name>cartPageSize</name>
                    <value>10</value>
                </componentInstanceProperties>
                <componentInstanceProperties>
                    <name>channelName</name>
                    <value>cpqutils</value>
                </componentInstanceProperties>
                <componentName>vlocity_cmt:cpqFlexCardUtils</componentName>
                <identifier>vlocity_cmt_cpqFlexCardUtils</identifier>
            </componentInstance>
        </itemInstances>
        <itemInstances>
            <componentInstance>
                <componentName>cfCpqGlobalHeaderContainer</componentName>
                <identifier>cfCpqGlobalHeaderContainer</identifier>
            </componentInstance>
        </itemInstances>
        <name>header</name>
        <type>Region</type>
    </flexiPageRegions>
    <flexiPageRegions>
        <itemInstances>
            <componentInstance>
                <componentInstanceProperties>
                    <name>active</name>
                    <value>true</value>
                </componentInstanceProperties>
                <componentInstanceProperties>
                    <name>body</name>
                    <value>Facet-6fa4aefb-dced-4dcb-be65-194cc5c3e063</value>
                </componentInstanceProperties>
                <componentInstanceProperties>
                    <name>title</name>
                    <value>{!$Label.vlocity_cmt__MSGroupCarts}</value>
                </componentInstanceProperties>
                <componentName>flexipage:tab</componentName>
                <identifier>customTab</identifier>
            </componentInstance>
        </itemInstances>
        <itemInstances>
            <componentInstance>
                <componentInstanceProperties>
                    <name>body</name>
                    <value>Facet-e3267583-38c6-4b47-91be-746b61593dc1</value>
                </componentInstanceProperties>
                <componentInstanceProperties>
                    <name>title</name>
                    <value>{!$Label.vlocity_cmt__CPQCatalog}</value>
                </componentInstanceProperties>
                <componentName>flexipage:tab</componentName>
                <identifier>customTab2</identifier>
            </componentInstance>
        </itemInstances>
        <itemInstances>
            <componentInstance>
                <componentInstanceProperties>
                    <name>body</name>
                    <value>Facet-g9pq11oswx</value>
                </componentInstanceProperties>
                <componentInstanceProperties>
                    <name>title</name>
                    <value>{!$Label.vlocity_cmt__CPQDetails}</value>
                </componentInstanceProperties>
                <componentName>flexipage:tab</componentName>
                <identifier>customTab3</identifier>
            </componentInstance>
        </itemInstances>
        <itemInstances>
            <componentInstance>
                <componentInstanceProperties>
                    <name>body</name>
                    <value>Facet-bd7e27cf-85a3-4ac3-be0f-5210b609fec8</value>
                </componentInstanceProperties>
                <componentInstanceProperties>
                    <name>title</name>
                    <value>{!$Label.vlocity_cmt__CPQRelatedLists}</value>
                </componentInstanceProperties>
                <componentName>flexipage:tab</componentName>
                <identifier>customTab4</identifier>
            </componentInstance>
        </itemInstances>
        <itemInstances>
            <componentInstance>
                <componentInstanceProperties>
                    <name>body</name>
                    <value>Facet-eef03f3e-b999-4946-87ab-5f1ff3d80d19</value>
                </componentInstanceProperties>
                <componentInstanceProperties>
                    <name>title</name>
                    <value>{!$Label.vlocity_cmt__MSServiceLabel}</value>
                </componentInstanceProperties>
                <componentName>flexipage:tab</componentName>
                <identifier>customTab5</identifier>
            </componentInstance>
        </itemInstances>
        <itemInstances>
            <componentInstance>
                <componentInstanceProperties>
                    <name>body</name>
                    <value>Facet-29b77fef-6254-4c44-9d90-f50f07f79bb1</value>
                </componentInstanceProperties>
                <componentInstanceProperties>
                    <name>title</name>
                    <value>{!$Label.vlocity_cmt__Premises}</value>
                </componentInstanceProperties>
                <componentName>flexipage:tab</componentName>
                <identifier>customTab6</identifier>
            </componentInstance>
        </itemInstances>
        <itemInstances>
            <componentInstance>
                <componentInstanceProperties>
                    <name>body</name>
                    <value>Facet-8c66dfa8-e700-416b-a64e-6076998a0870</value>
                </componentInstanceProperties>
                <componentInstanceProperties>
                    <name>title</name>
                    <value>Subscribers</value>
                </componentInstanceProperties>
                <componentName>flexipage:tab</componentName>
                <identifier>flexipage_tab3</identifier>
            </componentInstance>
        </itemInstances>
        <itemInstances>
            <componentInstance>
                <componentInstanceProperties>
                    <name>body</name>
                    <value>Facet-1bzyktgf3vf</value>
                </componentInstanceProperties>
                <componentInstanceProperties>
                    <name>title</name>
                    <value>Service Accounts</value>
                </componentInstanceProperties>
                <componentName>flexipage:tab</componentName>
                <identifier>flexipage_tab2</identifier>
            </componentInstance>
        </itemInstances>
        <itemInstances>
            <componentInstance>
                <componentInstanceProperties>
                    <name>body</name>
                    <value>Facet-096c9334-954e-4806-93ac-1889c1fe47ba</value>
                </componentInstanceProperties>
                <componentInstanceProperties>
                    <name>title</name>
                    <value>Locations</value>
                </componentInstanceProperties>
                <componentName>flexipage:tab</componentName>
                <identifier>flexipage_tab</identifier>
            </componentInstance>
        </itemInstances>
        <name>Facet-f4ef5c09-010d-4ff1-9a7d-51a7e295fc1a</name>
        <type>Facet</type>
    </flexiPageRegions>
    <flexiPageRegions>
        <itemInstances>
            <componentInstance>
                <componentInstanceProperties>
                    <name>isMultisiteFlow</name>
                    <value>true</value>
                </componentInstanceProperties>
                <componentName>vlocity_cmt:cpqEventOrchestratorUtil</componentName>
                <identifier>vlocity_cmt_cpqEventOrchestratorUtil</identifier>
            </componentInstance>
        </itemInstances>
        <itemInstances>
            <componentInstance>
                <componentName>cfCpqMultisiteGroupSelectorContainer</componentName>
                <identifier>cfCpqMultisiteGroupSelectorContainer</identifier>
            </componentInstance>
        </itemInstances>
        <itemInstances>
            <componentInstance>
                <componentName>cfCpqCartSummaryContainer</componentName>
                <identifier>cfCpqCartSummaryContainer</identifier>
            </componentInstance>
        </itemInstances>
        <name>Facet-6fa4aefb-dced-4dcb-be65-194cc5c3e063</name>
        <type>Facet</type>
    </flexiPageRegions>
    <flexiPageRegions>
        <itemInstances>
            <componentInstance>
                <componentInstanceProperties>
                    <name>relatedListComponentOverride</name>
                    <value>NONE</value>
                </componentInstanceProperties>
                <componentInstanceProperties>
                    <name>rowsToDisplay</name>
                    <value>10</value>
                </componentInstanceProperties>
                <componentInstanceProperties>
                    <name>showActionBar</name>
                    <value>true</value>
                </componentInstanceProperties>
                <componentName>force:relatedListContainer</componentName>
                <identifier>force_relatedListContainer</identifier>
            </componentInstance>
        </itemInstances>
        <name>Facet-bd7e27cf-85a3-4ac3-be0f-5210b609fec8</name>
        <type>Facet</type>
    </flexiPageRegions>
    <flexiPageRegions>
        <itemInstances>
            <componentInstance>
                <componentInstanceProperties>
                    <name>isMultisiteFlow</name>
                    <value>false</value>
                </componentInstanceProperties>
                <componentName>vlocity_cmt:cpqEventOrchestratorUtil</componentName>
                <identifier>vlocity_cmt_cpqEventOrchestratorUtil2</identifier>
            </componentInstance>
        </itemInstances>
        <itemInstances>
            <componentInstance>
                <componentName>cfCpqCartSummaryContainer</componentName>
                <identifier>cfCpqCartSummaryContainer2</identifier>
            </componentInstance>
        </itemInstances>
        <name>Facet-82dc879e-f728-424d-abf0-c335e9935c0c</name>
        <type>Facet</type>
    </flexiPageRegions>
    <flexiPageRegions>
        <itemInstances>
            <componentInstance>
                <componentInstanceProperties>
                    <name>relatedListComponentOverride</name>
                    <value>NONE</value>
                </componentInstanceProperties>
                <componentInstanceProperties>
                    <name>rowsToDisplay</name>
                    <value>10</value>
                </componentInstanceProperties>
                <componentInstanceProperties>
                    <name>showActionBar</name>
                    <value>true</value>
                </componentInstanceProperties>
                <componentName>force:relatedListContainer</componentName>
                <identifier>force_relatedListContainer2</identifier>
            </componentInstance>
        </itemInstances>
        <name>Facet-85f835a4-a64b-4fb3-b6bb-68e1c668efaf</name>
        <type>Facet</type>
    </flexiPageRegions>
    <flexiPageRegions>
        <itemInstances>
            <componentInstance>
                <componentInstanceProperties>
                    <name>active</name>
                    <value>false</value>
                </componentInstanceProperties>
                <componentInstanceProperties>
                    <name>body</name>
                    <value>Facet-d0dfbbf9-b22d-4307-8a49-b0c48a53457c</value>
                </componentInstanceProperties>
                <componentInstanceProperties>
                    <name>title</name>
                    <value>{!$Label.vlocity_cmt__CPQCatalog}</value>
                </componentInstanceProperties>
                <componentName>flexipage:tab</componentName>
                <identifier>customTab7</identifier>
            </componentInstance>
        </itemInstances>
        <itemInstances>
            <componentInstance>
                <componentInstanceProperties>
                    <name>active</name>
                    <value>true</value>
                </componentInstanceProperties>
                <componentInstanceProperties>
                    <name>body</name>
                    <value>Facet-82dc879e-f728-424d-abf0-c335e9935c0c</value>
                </componentInstanceProperties>
                <componentInstanceProperties>
                    <name>title</name>
                    <value>{!$Label.vlocity_cmt__Cart}</value>
                </componentInstanceProperties>
                <componentName>flexipage:tab</componentName>
                <identifier>customTab8</identifier>
            </componentInstance>
        </itemInstances>
        <itemInstances>
            <componentInstance>
                <componentInstanceProperties>
                    <name>body</name>
                    <value>Facet-95d2104b-ccce-4996-b85c-518448030a81</value>
                </componentInstanceProperties>
                <componentInstanceProperties>
                    <name>title</name>
                    <value>{!$Label.vlocity_cmt__CPQSolutionDetails}</value>
                </componentInstanceProperties>
                <componentName>flexipage:tab</componentName>
                <identifier>customTab9</identifier>
            </componentInstance>
        </itemInstances>
        <itemInstances>
            <componentInstance>
                <componentInstanceProperties>
                    <name>body</name>
                    <value>Facet-zdvtkax2m7k</value>
                </componentInstanceProperties>
                <componentInstanceProperties>
                    <name>title</name>
                    <value>{!$Label.vlocity_cmt__CPQDetails}</value>
                </componentInstanceProperties>
                <componentName>flexipage:tab</componentName>
                <identifier>customTab10</identifier>
            </componentInstance>
        </itemInstances>
        <itemInstances>
            <componentInstance>
                <componentInstanceProperties>
                    <name>body</name>
                    <value>Facet-85f835a4-a64b-4fb3-b6bb-68e1c668efaf</value>
                </componentInstanceProperties>
                <componentInstanceProperties>
                    <name>title</name>
                    <value>{!$Label.vlocity_cmt__CPQRelatedLists}</value>
                </componentInstanceProperties>
                <componentName>flexipage:tab</componentName>
                <identifier>customTab11</identifier>
            </componentInstance>
        </itemInstances>
        <name>Facet-d6fe39f7-fdaa-4539-a843-78d56c86a759</name>
        <type>Facet</type>
    </flexiPageRegions>
    <flexiPageRegions>
        <itemInstances>
            <componentInstance>
                <componentName>cfCpqMultisiteServicePointContainer</componentName>
                <identifier>cfCpqMultisiteServicePointContainer</identifier>
            </componentInstance>
        </itemInstances>
        <name>Facet-eef03f3e-b999-4946-87ab-5f1ff3d80d19</name>
        <type>Facet</type>
    </flexiPageRegions>
    <flexiPageRegions>
        <itemInstances>
            <componentInstance>
                <componentName>cfCpqBrowsePhaseContainer</componentName>
                <identifier>cfCpqBrowsePhaseContainer</identifier>
            </componentInstance>
        </itemInstances>
        <name>Facet-e3267583-38c6-4b47-91be-746b61593dc1</name>
        <type>Facet</type>
    </flexiPageRegions>
    <flexiPageRegions>
        <itemInstances>
            <componentInstance>
                <componentName>force:detailPanel</componentName>
                <identifier>force_detailPanel</identifier>
            </componentInstance>
        </itemInstances>
        <name>Facet-g9pq11oswx</name>
        <type>Facet</type>
    </flexiPageRegions>
    <flexiPageRegions>
        <itemInstances>
            <componentInstance>
                <componentName>cfCpqMultisitePremisesContainer</componentName>
                <identifier>cfCpqMultisitePremisesContainer</identifier>
            </componentInstance>
        </itemInstances>
        <name>Facet-29b77fef-6254-4c44-9d90-f50f07f79bb1</name>
        <type>Facet</type>
    </flexiPageRegions>
    <flexiPageRegions>
        <itemInstances>
            <componentInstance>
                <componentName>cfCpqMultisiteSubscriberAccountContainer</componentName>
                <identifier>c_cfCpqMultisiteSubscriberAccountContainer</identifier>
            </componentInstance>
        </itemInstances>
        <name>Facet-8c66dfa8-e700-416b-a64e-6076998a0870</name>
        <type>Facet</type>
    </flexiPageRegions>
    <flexiPageRegions>
        <itemInstances>
            <componentInstance>
                <componentName>cfCpqMultisiteServiceAccountContainer</componentName>
                <identifier>c_cfCpqMultisiteServiceAccountContainer</identifier>
            </componentInstance>
        </itemInstances>
        <name>Facet-1bzyktgf3vf</name>
        <type>Facet</type>
    </flexiPageRegions>
    <flexiPageRegions>
        <itemInstances>
            <componentInstance>
                <componentName>cfCpqMultisiteLocationsContainer</componentName>
                <identifier>c_cfCpqMultisiteLocationsContainer</identifier>
            </componentInstance>
        </itemInstances>
        <name>Facet-096c9334-954e-4806-93ac-1889c1fe47ba</name>
        <type>Facet</type>
    </flexiPageRegions>
    <flexiPageRegions>
        <itemInstances>
            <componentInstance>
                <componentName>cfCpqBrowsePhaseContainer</componentName>
                <identifier>cfCpqBrowsePhaseContainer2</identifier>
            </componentInstance>
        </itemInstances>
        <name>Facet-d0dfbbf9-b22d-4307-8a49-b0c48a53457c</name>
        <type>Facet</type>
    </flexiPageRegions>
    <flexiPageRegions>
        <itemInstances>
            <componentInstance>
                <componentName>cfCpqCartDetailViewContainer</componentName>
                <identifier>cfCpqCartDetailViewContainer</identifier>
            </componentInstance>
        </itemInstances>
        <name>Facet-95d2104b-ccce-4996-b85c-518448030a81</name>
        <type>Facet</type>
    </flexiPageRegions>
    <flexiPageRegions>
        <itemInstances>
            <componentInstance>
                <componentName>force:detailPanel</componentName>
                <identifier>force_detailPanel2</identifier>
            </componentInstance>
        </itemInstances>
        <name>Facet-zdvtkax2m7k</name>
        <type>Facet</type>
    </flexiPageRegions>
    <masterLabel>Default CPQ Quote Record Page</masterLabel>
    <sobjectType>Quote</sobjectType>
    <template>
        <name>flexipage:recordHomeSingleColTemplateDesktop</name>
    </template>
    <type>RecordPage</type>
</FlexiPage>
