<?xml version="1.0" encoding="UTF-8"?>
<FlexiPage xmlns="http://soap.sforce.com/2006/04/metadata">
    <flexiPageRegions>
        <itemInstances>
            <componentInstance>
                <componentName>home:heroChart</componentName>
                <identifier>home_heroChart</identifier>
            </componentInstance>
        </itemInstances>
        <itemInstances>
            <componentInstance>
                <componentInstanceProperties>
                    <name>dir</name>
                    <value>ltr</value>
                </componentInstanceProperties>
                <componentInstanceProperties>
                    <name>inline</name>
                    <value>false</value>
                </componentInstanceProperties>
                <componentInstanceProperties>
                    <name>inlineLabel</name>
                    <value>Launch Product/Configuration</value>
                </componentInstanceProperties>
                <componentInstanceProperties>
                    <name>inlineVariant</name>
                    <value>brand</value>
                </componentInstanceProperties>
                <componentInstanceProperties>
                    <name>layout</name>
                    <value>lightning</value>
                </componentInstanceProperties>
                <componentName>productConfigurationEnglish</componentName>
                <identifier>c_productConfigurationEnglish</identifier>
            </componentInstance>
        </itemInstances>
        <mode>Replace</mode>
        <name>top</name>
        <type>Region</type>
    </flexiPageRegions>
    <flexiPageRegions>
        <itemInstances>
            <componentInstance>
                <componentName>home:eventContainer</componentName>
                <identifier>home_eventContainer</identifier>
            </componentInstance>
        </itemInstances>
        <itemInstances>
            <componentInstance>
                <componentName>home:recentRecordContainer</componentName>
                <identifier>home_recentRecordContainer</identifier>
            </componentInstance>
        </itemInstances>
        <mode>Replace</mode>
        <name>bottomLeft</name>
        <type>Region</type>
    </flexiPageRegions>
    <flexiPageRegions>
        <itemInstances>
            <componentInstance>
                <componentName>runtime_sales_activities:todayTaskContainer</componentName>
                <identifier>runtime_sales_activities_todayTaskContainer</identifier>
            </componentInstance>
        </itemInstances>
        <itemInstances>
            <componentInstance>
                <componentName>home:topDealsContainer</componentName>
                <identifier>home_topDealsContainer</identifier>
            </componentInstance>
        </itemInstances>
        <mode>Replace</mode>
        <name>bottomRight</name>
        <type>Region</type>
    </flexiPageRegions>
    <flexiPageRegions>
        <itemInstances>
            <componentInstance>
                <componentName>home:assistant</componentName>
                <identifier>home_assistant</identifier>
            </componentInstance>
        </itemInstances>
        <mode>Replace</mode>
        <name>sidebar</name>
        <type>Region</type>
    </flexiPageRegions>
    <masterLabel>Home Page Default</masterLabel>
    <parentFlexiPage>home__desktopDefault</parentFlexiPage>
    <template>
        <name>home:desktopTemplate</name>
    </template>
    <type>HomePage</type>
</FlexiPage>
