<?xml version="1.0" encoding="UTF-8"?>
<FlexiPage xmlns="http://soap.sforce.com/2006/04/metadata">
    <flexiPageRegions>
        <itemInstances>
            <componentInstance>
                <componentInstanceProperties>
                    <name>dir</name>
                    <value>ltr</value>
                </componentInstanceProperties>
                <componentInstanceProperties>
                    <name>inline</name>
                    <value>false</value>
                </componentInstanceProperties>
                <componentInstanceProperties>
                    <name>inlineLabel</name>
                    <value>Launch Product/Configuration</value>
                </componentInstanceProperties>
                <componentInstanceProperties>
                    <name>inlineVariant</name>
                    <value>brand</value>
                </componentInstanceProperties>
                <componentInstanceProperties>
                    <name>layout</name>
                    <value>lightning</value>
                </componentInstanceProperties>
                <componentName>productConfigurationEnglish</componentName>
                <identifier>productConfigurationEnglish</identifier>
            </componentInstance>
        </itemInstances>
        <name>main</name>
        <type>Region</type>
    </flexiPageRegions>
    <masterLabel>PCT</masterLabel>
    <template>
        <name>flexipage:defaultAppHomeTemplate</name>
    </template>
    <type>AppPage</type>
</FlexiPage>
