<?xml version="1.0" encoding="UTF-8"?>
<FlexiPage xmlns="http://soap.sforce.com/2006/04/metadata">
    <flexiPageRegions>
        <itemInstances>
            <componentInstance>
                <componentInstanceProperties>
                    <name>decorate</name>
                    <value>true</value>
                </componentInstanceProperties>
                <componentInstanceProperties>
                    <name>richTextValue</name>
                    <value>&lt;p&gt;&lt;span style=&quot;font-size: 24px;&quot;&gt;CME Training Playground&lt;/span&gt;&lt;/p&gt;&lt;p&gt;&lt;span style=&quot;font-size: 24px;&quot;&gt;Template Version: June 23, 2022&lt;/span&gt;&lt;/p&gt;&lt;p&gt;&lt;span style=&quot;font-size: 24px;&quot;&gt;Installed Package: Spring &apos;22 (v236.1.1.900.456.2)&lt;/span&gt;&lt;/p&gt;</value>
                </componentInstanceProperties>
                <componentName>flexipage:richText</componentName>
                <identifier>flexipage_richText</identifier>
            </componentInstance>
        </itemInstances>
        <name>main</name>
        <type>Region</type>
    </flexiPageRegions>
    <masterLabel>Template VSN</masterLabel>
    <template>
        <name>flexipage:defaultAppHomeTemplate</name>
    </template>
    <type>AppPage</type>
</FlexiPage>
