<?xml version="1.0" encoding="UTF-8"?>
<FlexiPage xmlns="http://soap.sforce.com/2006/04/metadata">
    <flexiPageRegions>
        <name>utilityItems</name>
        <type>Region</type>
    </flexiPageRegions>
    <flexiPageRegions>
        <name>backgroundComponents</name>
        <type>Background</type>
    </flexiPageRegions>
    <masterLabel>Vlocity Digital Commerce UtilityBar</masterLabel>
    <template>
        <name>one:utilityBarTemplateDesktop</name>
    </template>
    <type>UtilityBar</type>
</FlexiPage>
