<?xml version="1.0" encoding="UTF-8"?>
<FlexiPage xmlns="http://soap.sforce.com/2006/04/metadata">
    <flexiPageRegions>
        <itemInstances>
            <componentInstance>
                <componentInstanceProperties>
                    <name>collapsed</name>
                    <value>false</value>
                </componentInstanceProperties>
                <componentInstanceProperties>
                    <name>enableActionsConfiguration</name>
                    <value>false</value>
                </componentInstanceProperties>
                <componentInstanceProperties>
                    <name>hideChatterActions</name>
                    <value>false</value>
                </componentInstanceProperties>
                <componentInstanceProperties>
                    <name>numVisibleActions</name>
                    <value>3</value>
                </componentInstanceProperties>
                <componentName>force:highlightsPanel</componentName>
                <identifier>force_highlightsPanel</identifier>
            </componentInstance>
        </itemInstances>
        <itemInstances>
            <componentInstance>
                <componentInstanceProperties>
                    <name>hideUpdateButton</name>
                    <value>false</value>
                </componentInstanceProperties>
                <componentInstanceProperties>
                    <name>variant</name>
                    <value>linear</value>
                </componentInstanceProperties>
                <componentName>runtime_sales_pathassistant:pathAssistant</componentName>
                <identifier>runtime_sales_pathassistant_pathAssistant</identifier>
            </componentInstance>
        </itemInstances>
        <itemInstances>
            <componentInstance>
                <componentInstanceProperties>
                    <name>disableCache</name>
                    <value>false</value>
                </componentInstanceProperties>
                <componentInstanceProperties>
                    <name>recordId</name>
                    <value>{recordId}</value>
                </componentInstanceProperties>
                <componentName>vlocity_cmt:powerLauncher</componentName>
                <identifier>vlocity_cmt_powerLauncher</identifier>
            </componentInstance>
        </itemInstances>
        <name>header</name>
        <type>Region</type>
    </flexiPageRegions>
    <flexiPageRegions>
        <itemInstances>
            <componentInstance>
                <componentInstanceProperties>
                    <name>relatedListComponentOverride</name>
                    <value>NONE</value>
                </componentInstanceProperties>
                <componentName>force:relatedListContainer</componentName>
                <identifier>force_relatedListContainer</identifier>
            </componentInstance>
        </itemInstances>
        <name>facet-f8bf491a-4f5c-4b7b-a64b-bfe778a3d801</name>
        <type>Facet</type>
    </flexiPageRegions>
    <flexiPageRegions>
        <itemInstances>
            <componentInstance>
                <componentInstanceProperties>
                    <name>height</name>
                    <value>600</value>
                </componentInstanceProperties>
                <componentInstanceProperties>
                    <name>label</name>
                    <value>DOCUMENTS</value>
                </componentInstanceProperties>
                <componentInstanceProperties>
                    <name>pageName</name>
                    <value>vlocity_cmt__ContractDocumentNewDisplay</value>
                </componentInstanceProperties>
                <componentInstanceProperties>
                    <name>showLabel</name>
                    <value>true</value>
                </componentInstanceProperties>
                <componentName>flexipage:visualforcePage</componentName>
                <identifier>flexipage_visualforcePage</identifier>
            </componentInstance>
        </itemInstances>
        <name>facet-16d8ce0c-4ee3-4fbc-9fcf-cba020a955f9</name>
        <type>Facet</type>
    </flexiPageRegions>
    <flexiPageRegions>
        <itemInstances>
            <componentInstance>
                <componentInstanceProperties>
                    <name>height</name>
                    <value>50</value>
                </componentInstanceProperties>
                <componentInstanceProperties>
                    <name>pageName</name>
                    <value>vlocity_cmt__ContractActionBar</value>
                </componentInstanceProperties>
                <componentInstanceProperties>
                    <name>showLabel</name>
                    <value>false</value>
                </componentInstanceProperties>
                <componentName>flexipage:visualforcePage</componentName>
                <identifier>flexipage_visualforcePage2</identifier>
            </componentInstance>
        </itemInstances>
        <itemInstances>
            <componentInstance>
                <componentInstanceProperties>
                    <name>tabs</name>
                    <value>facet-0c1d5c58-0c87-492e-8826-34b3247cbff7</value>
                </componentInstanceProperties>
                <componentName>flexipage:tabset</componentName>
                <identifier>flexipage_tabset</identifier>
            </componentInstance>
        </itemInstances>
        <name>main</name>
        <type>Region</type>
    </flexiPageRegions>
    <flexiPageRegions>
        <itemInstances>
            <componentInstance>
                <componentInstanceProperties>
                    <name>active</name>
                    <value>false</value>
                </componentInstanceProperties>
                <componentInstanceProperties>
                    <name>body</name>
                    <value>facet-f8bf491a-4f5c-4b7b-a64b-bfe778a3d801</value>
                </componentInstanceProperties>
                <componentInstanceProperties>
                    <name>title</name>
                    <value>Standard.Tab.relatedLists</value>
                </componentInstanceProperties>
                <componentName>flexipage:tab</componentName>
                <identifier>relatedListsTab</identifier>
            </componentInstance>
        </itemInstances>
        <itemInstances>
            <componentInstance>
                <componentInstanceProperties>
                    <name>body</name>
                    <value>facet-ae2fecf1-a6b6-480a-b496-6fdc831c14d4</value>
                </componentInstanceProperties>
                <componentInstanceProperties>
                    <name>title</name>
                    <value>Standard.Tab.detail</value>
                </componentInstanceProperties>
                <componentName>flexipage:tab</componentName>
                <identifier>detailTab</identifier>
            </componentInstance>
        </itemInstances>
        <itemInstances>
            <componentInstance>
                <componentInstanceProperties>
                    <name>active</name>
                    <value>true</value>
                </componentInstanceProperties>
                <componentInstanceProperties>
                    <name>body</name>
                    <value>facet-16d8ce0c-4ee3-4fbc-9fcf-cba020a955f9</value>
                </componentInstanceProperties>
                <componentInstanceProperties>
                    <name>title</name>
                    <value>Documents</value>
                </componentInstanceProperties>
                <componentName>flexipage:tab</componentName>
                <identifier>customTab</identifier>
            </componentInstance>
        </itemInstances>
        <name>facet-0c1d5c58-0c87-492e-8826-34b3247cbff7</name>
        <type>Facet</type>
    </flexiPageRegions>
    <flexiPageRegions>
        <itemInstances>
            <componentInstance>
                <componentName>force:detailPanel</componentName>
                <identifier>force_detailPanel</identifier>
            </componentInstance>
        </itemInstances>
        <name>facet-ae2fecf1-a6b6-480a-b496-6fdc831c14d4</name>
        <type>Facet</type>
    </flexiPageRegions>
    <masterLabel>VU Contract Record Page</masterLabel>
    <sobjectType>Contract</sobjectType>
    <template>
        <name>flexipage:recordHomeSingleColTemplateDesktop</name>
    </template>
    <type>RecordPage</type>
</FlexiPage>
