<?xml version="1.0" encoding="UTF-8"?>
<CustomApplication xmlns="http://soap.sforce.com/2006/04/metadata">
    <brand>
        <headerColor>#0070D2</headerColor>
        <shouldOverrideOrgTheme>false</shouldOverrideOrgTheme>
    </brand>
    <formFactors>Small</formFactors>
    <formFactors>Large</formFactors>
    <isNavAutoTempTabsDisabled>false</isNavAutoTempTabsDisabled>
    <isNavPersonalizationDisabled>true</isNavPersonalizationDisabled>
    <isNavTabPersistenceDisabled>false</isNavTabPersistenceDisabled>
    <label>OmniStudio Console</label>
    <navType>Console</navType>
    <tabs>standard-Account</tabs>
    <tabs>standard-Contact</tabs>
    <tabs>standard-Case</tabs>
    <tabs>standard-Product2</tabs>
    <tabs>vlocity_cmt__OmniScriptHome</tabs>
    <tabs>vlocity_cmt__OmniScript__c</tabs>
    <uiType>Lightning</uiType>
    <utilityBar>OmniStudio_Console_UtilityBar</utilityBar>
    <workspaceConfig>
        <mappings>
            <tab>standard-Account</tab>
        </mappings>
        <mappings>
            <tab>standard-Case</tab>
        </mappings>
        <mappings>
            <tab>standard-Contact</tab>
        </mappings>
        <mappings>
            <tab>standard-Product2</tab>
        </mappings>
        <mappings>
            <tab>vlocity_cmt__OmniScriptHome</tab>
        </mappings>
        <mappings>
            <tab>vlocity_cmt__OmniScript__c</tab>
        </mappings>
    </workspaceConfig>
</CustomApplication>
