<?xml version="1.0" encoding="UTF-8"?>
<CustomApplication xmlns="http://soap.sforce.com/2006/04/metadata">
    <formFactors>Large</formFactors>
    <isNavAutoTempTabsDisabled>false</isNavAutoTempTabsDisabled>
    <isNavPersonalizationDisabled>false</isNavPersonalizationDisabled>
    <isNavTabPersistenceDisabled>false</isNavTabPersistenceDisabled>
    <label>Salesforce Contracts</label>
    <navType>Console</navType>
    <tabs>standard-home</tabs>
    <tabs>standard-Contract</tabs>
    <tabs>standard-DocumentClauseSet</tabs>
    <tabs>standard-DocumentClause</tabs>
    <uiType>Lightning</uiType>
    <workspaceConfig>
        <mappings>
            <tab>standard-Contract</tab>
        </mappings>
        <mappings>
            <tab>standard-DocumentClause</tab>
        </mappings>
        <mappings>
            <tab>standard-DocumentClauseSet</tab>
        </mappings>
        <mappings>
            <tab>standard-home</tab>
        </mappings>
    </workspaceConfig>
</CustomApplication>
