<?xml version="1.0" encoding="UTF-8"?>
<CustomApplication xmlns="http://soap.sforce.com/2006/04/metadata">
    <defaultLandingTab>standard-Contract</defaultLandingTab>
    <isNavAutoTempTabsDisabled>false</isNavAutoTempTabsDisabled>
    <isNavPersonalizationDisabled>false</isNavPersonalizationDisabled>
    <isNavTabPersistenceDisabled>false</isNavTabPersistenceDisabled>
    <label>Vlocity CLM</label>
    <logo>vlocity_cmt__VlocityResources/vlocity_cmt__VlocityLogo.png</logo>
    <tabs>standard-Chatter</tabs>
    <tabs>vlocity_cmt__VlocityDocumentClauses</tabs>
    <tabs>vlocity_cmt__VlocityContractDocumentTemplate</tabs>
    <tabs>standard-Order</tabs>
    <tabs>standard-Contract</tabs>
    <tabs>vlocity_cmt__VlocityDocuSignSetup</tabs>
    <tabs>vlocity_cmt__VlocityAction__c</tabs>
    <tabs>vlocity_cmt__VlocityStateModel__c</tabs>
</CustomApplication>
