<?xml version="1.0" encoding="UTF-8"?>
<CustomApplication xmlns="http://soap.sforce.com/2006/04/metadata">
    <brand>
        <headerColor>#0070D2</headerColor>
        <shouldOverrideOrgTheme>false</shouldOverrideOrgTheme>
    </brand>
    <formFactors>Large</formFactors>
    <isNavAutoTempTabsDisabled>false</isNavAutoTempTabsDisabled>
    <isNavPersonalizationDisabled>false</isNavPersonalizationDisabled>
    <isNavTabPersistenceDisabled>false</isNavTabPersistenceDisabled>
    <label>Vlocity PCT</label>
    <navType>Standard</navType>
    <setupExperience>all</setupExperience>
    <tabs>PCT</tabs>
    <uiType>Lightning</uiType>
    <utilityBar>Vlocity_PCT_UtilityBar1</utilityBar>
</CustomApplication>
