<?xml version="1.0" encoding="UTF-8"?>
<CustomApplication xmlns="http://soap.sforce.com/2006/04/metadata">
    <brand>
        <headerColor>#0070D2</headerColor>
        <logo>VULogo_128</logo>
        <logoVersion>1</logoVersion>
        <shouldOverrideOrgTheme>false</shouldOverrideOrgTheme>
    </brand>
    <description>Service Console for Vlocity Platform Essentials</description>
    <formFactors>Large</formFactors>
    <isNavAutoTempTabsDisabled>false</isNavAutoTempTabsDisabled>
    <isNavPersonalizationDisabled>true</isNavPersonalizationDisabled>
    <isNavTabPersistenceDisabled>false</isNavTabPersistenceDisabled>
    <label>VU Console</label>
    <navType>Console</navType>
    <tabs>standard-Account</tabs>
    <tabs>standard-Contact</tabs>
    <tabs>standard-Case</tabs>
    <tabs>standard-Product2</tabs>
    <uiType>Lightning</uiType>
    <utilityBar>VU_Console_UtilityBar</utilityBar>
    <workspaceConfig>
        <mappings>
            <tab>standard-Account</tab>
        </mappings>
        <mappings>
            <tab>standard-Case</tab>
        </mappings>
        <mappings>
            <tab>standard-Contact</tab>
        </mappings>
        <mappings>
            <tab>standard-Product2</tab>
        </mappings>
    </workspaceConfig>
</CustomApplication>
