<?xml version="1.0" encoding="UTF-8"?>
<AppMenu xmlns="http://soap.sforce.com/2006/04/metadata">
    <appMenuItems>
        <name>Vlocity_CPQ</name>
        <type>CustomApplication</type>
    </appMenuItems>
    <appMenuItems>
        <name>Vlocity_OM</name>
        <type>CustomApplication</type>
    </appMenuItems>
    <appMenuItems>
        <name>Vlocity_CME_Admin</name>
        <type>CustomApplication</type>
    </appMenuItems>
    <appMenuItems>
        <name>vlocity_cmt__DataRaptor</name>
        <type>CustomApplication</type>
    </appMenuItems>
    <appMenuItems>
        <name>Vlocity_CLM</name>
        <type>CustomApplication</type>
    </appMenuItems>
    <appMenuItems>
        <name>vlocity_cmt__VlocityConsoleApp</name>
        <type>CustomApplication</type>
    </appMenuItems>
    <appMenuItems>
        <name>vlocity_cmt__VlocityTelecommunicationServices</name>
        <type>CustomApplication</type>
    </appMenuItems>
    <appMenuItems>
        <name>Console_App</name>
        <type>CustomApplication</type>
    </appMenuItems>
    <appMenuItems>
        <name>standard__Platform</name>
        <type>CustomApplication</type>
    </appMenuItems>
    <appMenuItems>
        <name>standard__Sales</name>
        <type>CustomApplication</type>
    </appMenuItems>
    <appMenuItems>
        <name>standard__Service</name>
        <type>CustomApplication</type>
    </appMenuItems>
    <appMenuItems>
        <name>standard__Marketing</name>
        <type>CustomApplication</type>
    </appMenuItems>
    <appMenuItems>
        <name>standard__LightningSales</name>
        <type>CustomApplication</type>
    </appMenuItems>
    <appMenuItems>
        <name>standard__Chatter</name>
        <type>CustomApplication</type>
    </appMenuItems>
    <appMenuItems>
        <name>standard__Community</name>
        <type>CustomApplication</type>
    </appMenuItems>
    <appMenuItems>
        <name>standard__AppLauncher</name>
        <type>CustomApplication</type>
    </appMenuItems>
    <appMenuItems>
        <name>standard__Content</name>
        <type>CustomApplication</type>
    </appMenuItems>
    <appMenuItems>
        <name>standard__ServiceConsole</name>
        <type>CustomApplication</type>
    </appMenuItems>
    <appMenuItems>
        <name>standard__Sites</name>
        <type>CustomApplication</type>
    </appMenuItems>
    <appMenuItems>
        <name>standard__LightningInstrumentation</name>
        <type>CustomApplication</type>
    </appMenuItems>
    <appMenuItems>
        <name>Vlocity_CPQ_Lightning</name>
        <type>CustomApplication</type>
    </appMenuItems>
    <appMenuItems>
        <name>Vlocity_CLM_Lightning</name>
        <type>CustomApplication</type>
    </appMenuItems>
    <appMenuItems>
        <name>Vlocity_OM_Lightning</name>
        <type>CustomApplication</type>
    </appMenuItems>
    <appMenuItems>
        <name>Vlocity_CME_Admin_Lightning</name>
        <type>CustomApplication</type>
    </appMenuItems>
    <appMenuItems>
        <name>vlocity_cmt__VlocityProductConsole</name>
        <type>CustomApplication</type>
    </appMenuItems>
    <appMenuItems>
        <name>standard__SalesforceCMS</name>
        <type>CustomApplication</type>
    </appMenuItems>
    <appMenuItems>
        <name>Vlocity_Digital_Commerce</name>
        <type>CustomApplication</type>
    </appMenuItems>
    <appMenuItems>
        <name>Digital_Interaction_Platform</name>
        <type>CustomApplication</type>
    </appMenuItems>
    <appMenuItems>
        <name>VU_Console</name>
        <type>CustomApplication</type>
    </appMenuItems>
    <appMenuItems>
        <name>VBT_Connected</name>
        <type>ConnectedApp</type>
    </appMenuItems>
    <appMenuItems>
        <name>dc-community</name>
        <type>Network</type>
    </appMenuItems>
    <appMenuItems>
        <name>vlocity_cmt__VlocityPricingConsole</name>
        <type>CustomApplication</type>
    </appMenuItems>
    <appMenuItems>
        <name>vlocity_cmt__Vlocity_Digital_Studio</name>
        <type>CustomApplication</type>
    </appMenuItems>
    <appMenuItems>
        <name>OmniStudio_Console</name>
        <type>CustomApplication</type>
    </appMenuItems>
    <appMenuItems>
        <name>vlocity_cmt__VlocityXOM</name>
        <type>CustomApplication</type>
    </appMenuItems>
    <appMenuItems>
        <name>vlocity_cmt__Vlocity_CMT_Console</name>
        <type>CustomApplication</type>
    </appMenuItems>
    <appMenuItems>
        <name>standard__AllTabSet</name>
        <type>CustomApplication</type>
    </appMenuItems>
    <appMenuItems>
        <name>standard__OnlineSales</name>
        <type>CustomApplication</type>
    </appMenuItems>
    <appMenuItems>
        <name>Industries_CPQ</name>
        <type>CustomApplication</type>
    </appMenuItems>
    <appMenuItems>
        <name>standard__ExpressionSetConsole</name>
        <type>CustomApplication</type>
    </appMenuItems>
    <appMenuItems>
        <name>standard__LightningBolt</name>
        <type>CustomApplication</type>
    </appMenuItems>
    <appMenuItems>
        <name>Vlocity_PCT</name>
        <type>CustomApplication</type>
    </appMenuItems>
    <appMenuItems>
        <name>standard__SalesforceContracts</name>
        <type>CustomApplication</type>
    </appMenuItems>
</AppMenu>
