<?xml version="1.0" encoding="UTF-8"?>
<CustomMetadata xmlns="http://soap.sforce.com/2006/04/metadata" xmlns:xsi="http://www.w3.org/2001/XMLSchema-instance" xmlns:xsd="http://www.w3.org/2001/XMLSchema">
    <label>Mobile Accessories Composite Product Obj</label>
    <protected>false</protected>
    <values>
        <field>Family__c</field>
        <value xsi:type="xsd:string">Mobile</value>
    </values>
    <values>
        <field>Object_Type__c</field>
        <value xsi:type="xsd:string">Mobile Accessories Composite Product Object Spec</value>
    </values>
    <values>
        <field>Product_Type__c</field>
        <value xsi:type="xsd:string">Composite Product Spec</value>
    </values>
    <values>
        <field>Specyfication_Type__c</field>
        <value xsi:type="xsd:string">Product</value>
    </values>
    <values>
        <field>Sub_Type__c</field>
        <value xsi:type="xsd:string">Accessories</value>
    </values>
</CustomMetadata>
