<?xml version="1.0" encoding="UTF-8"?>
<CustomMetadata xmlns="http://soap.sforce.com/2006/04/metadata" xmlns:xsi="http://www.w3.org/2001/XMLSchema-instance" xmlns:xsd="http://www.w3.org/2001/XMLSchema">
    <label>Name</label>
    <protected>false</protected>
    <values>
        <field>API_Name__c</field>
        <value xsi:type="xsd:string">Name</value>
    </values>
    <values>
        <field>CSVFile_Sequence_No__c</field>
        <value xsi:type="xsd:double">1.0</value>
    </values>
    <values>
        <field>Data_Type__c</field>
        <value xsi:type="xsd:string">Name</value>
    </values>
</CustomMetadata>
