<?xml version="1.0" encoding="UTF-8"?>
<CustomMetadata xmlns="http://soap.sforce.com/2006/04/metadata" xmlns:xsi="http://www.w3.org/2001/XMLSchema-instance" xmlns:xsd="http://www.w3.org/2001/XMLSchema">
    <label>BB Base Offer Object Spec</label>
    <protected>false</protected>
    <values>
        <field>Family__c</field>
        <value xsi:type="xsd:string">Broadband</value>
    </values>
    <values>
        <field>Object_Type__c</field>
        <value xsi:nil="true"/>
    </values>
    <values>
        <field>Product_Type__c</field>
        <value xsi:type="xsd:string">BB Offer</value>
    </values>
    <values>
        <field>Specyfication_Type__c</field>
        <value xsi:type="xsd:string">Offer</value>
    </values>
    <values>
        <field>Sub_Type__c</field>
        <value xsi:nil="true"/>
    </values>
</CustomMetadata>
