<?xml version="1.0" encoding="UTF-8"?>
<CustomMetadata xmlns="http://soap.sforce.com/2006/04/metadata" xmlns:xsi="http://www.w3.org/2001/XMLSchema-instance" xmlns:xsd="http://www.w3.org/2001/XMLSchema">
    <label>UpdateRemoteSiteSettings</label>
    <protected>false</protected>
    <values>
        <field>vbtapp__Enabled__c</field>
        <value xsi:type="xsd:boolean">true</value>
    </values>
    <values>
        <field>vbtapp__Order__c</field>
        <value xsi:type="xsd:double">1.0</value>
    </values>
    <values>
        <field>vbtapp__Path__c</field>
        <value xsi:type="xsd:string">vlocity_cmt/updateRemoteSiteSettings.js</value>
    </values>
    <values>
        <field>vbtapp__Type__c</field>
        <value xsi:type="xsd:string">JavaScript</value>
    </values>
</CustomMetadata>
