<?xml version="1.0" encoding="UTF-8"?>
<CustomMetadata xmlns="http://soap.sforce.com/2006/04/metadata" xmlns:xsi="http://www.w3.org/2001/XMLSchema-instance" xmlns:xsd="http://www.w3.org/2001/XMLSchema">
    <label>ListToObjects</label>
    <protected>false</protected>
    <values>
        <field>vlocity_cmt__ClassName__c</field>
        <value xsi:type="xsd:string">ListToObjectsFunctionImplementation</value>
    </values>
    <values>
        <field>vlocity_cmt__MethodName__c</field>
        <value xsi:type="xsd:string">listToObjects</value>
    </values>
</CustomMetadata>
