<?xml version="1.0" encoding="UTF-8"?>
<CustomMetadata xmlns="http://soap.sforce.com/2006/04/metadata" xmlns:xsi="http://www.w3.org/2001/XMLSchema-instance" xmlns:xsd="http://www.w3.org/2001/XMLSchema">
    <label>OrchestrationScenarioFix</label>
    <protected>false</protected>
    <values>
        <field>vlocity_cmt__CompositeUniqueFieldName__c</field>
        <value xsi:nil="true"/>
    </values>
    <values>
        <field>vlocity_cmt__MatchingKeyFields__c</field>
        <value xsi:type="xsd:string">vlocity_cmt__GlobalKey__c</value>
    </values>
    <values>
        <field>vlocity_cmt__MatchingKeyObject__c</field>
        <value xsi:type="xsd:string">vlocity_cmt__OrchestrationScenario__c</value>
    </values>
    <values>
        <field>vlocity_cmt__ObjectAPIName__c</field>
        <value xsi:type="xsd:string">vlocity_cmt__OrchestrationScenario__c</value>
    </values>
    <values>
        <field>vlocity_cmt__ReturnKeyField__c</field>
        <value xsi:type="xsd:string">Id</value>
    </values>
</CustomMetadata>
