<?xml version="1.0" encoding="UTF-8"?>
<CustomMetadata xmlns="http://soap.sforce.com/2006/04/metadata" xmlns:xsi="http://www.w3.org/2001/XMLSchema-instance" xmlns:xsd="http://www.w3.org/2001/XMLSchema">
    <label>ProductSpecExtraFieldstoQuery</label>
    <protected>false</protected>
    <values>
        <field>vlocity_cmt__APIName__c</field>
        <value xsi:type="xsd:string">TMForumProductOffering</value>
    </values>
    <values>
        <field>vlocity_cmt__APIType__c</field>
        <value xsi:type="xsd:string">TMForum</value>
    </values>
    <values>
        <field>vlocity_cmt__DefaultValue__c</field>
        <value xsi:type="xsd:string">vlocity_cmt__CategoryData__c,Family</value>
    </values>
    <values>
        <field>vlocity_cmt__Description__c</field>
        <value xsi:nil="true"/>
    </values>
    <values>
        <field>vlocity_cmt__IsActive__c</field>
        <value xsi:type="xsd:boolean">true</value>
    </values>
    <values>
        <field>vlocity_cmt__Key__c</field>
        <value xsi:type="xsd:string">ExtraProductFieldstoQuery</value>
    </values>
    <values>
        <field>vlocity_cmt__Value__c</field>
        <value xsi:nil="true"/>
    </values>
</CustomMetadata>
